-- phpMyAdmin SQL Dump
-- version 3.3.8.1
-- http://www.phpmyadmin.net
--
-- Host: w.rdc.sae.sina.com.cn:3307
-- Generation Time: Jun 09, 2015 at 10:43 PM
-- Server version: 5.5.23
-- PHP Version: 5.3.3

SET SQL_MODE="NO_AUTO_VALUE_ON_ZERO";


/*!40101 SET @OLD_CHARACTER_SET_CLIENT=@@CHARACTER_SET_CLIENT */;
/*!40101 SET @OLD_CHARACTER_SET_RESULTS=@@CHARACTER_SET_RESULTS */;
/*!40101 SET @OLD_COLLATION_CONNECTION=@@COLLATION_CONNECTION */;
/*!40101 SET NAMES utf8 */;

--
-- Database: `app_sacschedule`
--

-- --------------------------------------------------------

--
-- Table structure for table `finalschedule`
--

CREATE TABLE IF NOT EXISTS `finalschedule` (
  `id` int(11) NOT NULL AUTO_INCREMENT,
  `s_name` varchar(10) DEFAULT NULL,
  `s_time` int(11) DEFAULT NULL,
  `finish` int(11) DEFAULT '0',
  `ischange` int(11) DEFAULT '0',
  `person` varchar(10) DEFAULT NULL,
  PRIMARY KEY (`id`)
) ENGINE=MyISAM  DEFAULT CHARSET=utf8 AUTO_INCREMENT=7868 ;

--
-- Dumping data for table `finalschedule`
--

INSERT INTO `finalschedule` (`id`, `s_name`, `s_time`, `finish`, `ischange`, `person`) VALUES
(7867, '俞怡程', 11, 1, 0, '李冀闽'),
(7866, '俞怡程', 31, 0, 0, '陈含笑'),
(7865, '俞怡程', 74, 0, 0, '陈施羽'),
(7864, '陈含笑', 11, 1, 0, '李冀闽'),
(7863, '陈含笑', 12, 1, 0, NULL),
(7862, '陈含笑', 32, 0, 0, NULL),
(7861, '李冀闽', 12, 1, 0, '关颖妍'),
(7860, '李冀闽', 23, 1, 0, '陈含笑'),
(7859, '关颖妍', 13, 1, 1, '李冀闽'),
(7858, '张晓君', 72, 0, 0, '关颖妍'),
(7857, '张晓君', 13, 1, 1, '谭雨晴'),
(7856, '张晓君', 33, 0, 0, '俞怡程'),
(7855, '小蜜橙', 43, 0, 0, '徐思敏'),
(7854, '小蜜橙', 14, 0, 0, '陈含笑'),
(7853, '小蜜橙', 45, 0, 0, '刘子依'),
(7852, '陈晓丰', 63, 0, 0, '陈小晾'),
(7851, '陈晓丰', 14, 1, 0, NULL),
(7850, '陈晓丰', 75, 0, 0, '俞怡程'),
(7849, '刘子依', 14, 1, 1, '黄玫'),
(7848, '刘子依', 34, 0, 0, '陈含笑'),
(7847, '刘子依', 44, 0, 0, '周杰'),
(7846, '邬玉苑', 41, 0, 0, '黄玫'),
(7845, '邬玉苑', 14, 1, 0, '黄玫'),
(7844, '邬玉苑', 64, 0, 0, '刘星晨'),
(7843, '周蜓蜓', 62, 0, 0, '陈美娟'),
(7842, '周蜓蜓', 15, 1, 0, '廖远强'),
(7841, '陈美娟', 72, 0, 0, '陈晓丰'),
(7840, '陈美娟', 15, 1, 0, '刘子依'),
(7839, '陈美娟', 35, 0, 0, '朱希冉'),
(7838, '周杰', 62, 0, 0, '陈施羽'),
(7837, '周杰', 15, 1, 1, '邬玉苑'),
(7836, '周杰', 65, 0, 0, '庄静圆'),
(7835, '庄静圆', 32, 0, 0, '俞怡程'),
(7834, '庄静圆', 24, 1, 0, '周杰'),
(7833, '庄静圆', 15, 1, 0, NULL),
(7832, '林创伟', 21, 1, 0, NULL),
(7831, '林创伟', 22, 1, 0, '陈美娟'),
(7830, '罗添仁', 21, 1, 0, NULL),
(7829, '罗添仁', 41, 0, 0, NULL),
(7828, '罗添仁', 71, 0, 0, '吕昀鸿'),
(7827, '朱希冉', 42, 0, 0, '陈美娟'),
(7826, '朱希冉', 22, 1, 1, '邬玉苑'),
(7825, '朱希冉', 74, 0, 0, '林创伟'),
(7824, '徐思敏', 23, 1, 0, NULL),
(7823, '徐思敏', 33, 0, 0, '庄静圆'),
(7822, '程健生', 24, 1, 1, '周梦萍'),
(7821, '程健生', 25, 1, 1, '周孟洁'),
(7820, '赵柏岑', 24, 1, 1, '陈含笑'),
(7819, '赵柏岑', 25, 1, 0, '陈美娟'),
(7818, '吕昀鸿', 63, 0, 0, '刘星晨'),
(7817, '吕昀鸿', 24, 1, 0, NULL),
(7816, '吕昀鸿', 64, 0, 0, '俞怡程'),
(7815, '左宇航', 25, 1, 0, '庄静圆'),
(7814, '左宇航', 65, 0, 0, NULL),
(7813, '周颖欣', 25, 1, 0, '刘星晨'),
(7812, '周颖欣', 35, 0, 0, '刘星晨'),
(7811, '周孟洁', 31, 0, 0, '陈含笑'),
(7810, '周孟洁', 65, 0, 0, '刘星晨'),
(7809, '周孟洁', 75, 0, 0, '廖远强'),
(7808, '程垦', 34, 0, 0, '吕昀鸿'),
(7807, '程垦', 45, 0, 0, '小蜜橙'),
(7806, '谭雨晴', 34, 0, 0, NULL),
(7805, '谭雨晴', 54, 0, 0, '周梦萍'),
(7804, '宣曦', 72, 0, 0, '杨宗熙'),
(7803, '宣曦', 73, 0, 0, '程垦'),
(7802, '宣曦', 34, 0, 0, '俞怡程'),
(7801, '宣曦', 35, 0, 0, '俞怡程'),
(7800, '卢兰铠', 35, 0, 0, NULL),
(7799, '卢兰铠', 75, 0, 0, '陈美娟'),
(7798, '许嘉仪', 42, 0, 0, '廖竞翔'),
(7797, '许嘉仪', 55, 0, 0, NULL),
(7796, '许嘉仪', 65, 0, 0, '陈施羽'),
(7795, '孙冰伦', 43, 0, 0, '关颖妍'),
(7794, '孙冰伦', 44, 0, 0, NULL),
(7793, '孙冰伦', 64, 0, 0, '宣曦'),
(7792, '陈小晾', 71, 0, 0, NULL),
(7791, '陈小晾', 44, 0, 0, '吕昀鸿'),
(7790, '陈小晾', 55, 0, 0, '周杰'),
(7789, '黄玫', 63, 0, 0, '孙冰伦'),
(7788, '黄玫', 44, 0, 0, '陈美娟'),
(7787, '黄玫', 64, 0, 0, '陈施羽'),
(7786, '廖竞翔', 51, 0, 0, NULL),
(7785, '廖竞翔', 45, 0, 0, '陈美娟'),
(7784, '陈琪', 45, 0, 0, NULL),
(7783, '陈琪', 53, 0, 0, '关颖妍'),
(7782, '刘星晨', 52, 0, 0, '关颖妍'),
(7781, '刘星晨', 74, 0, 0, '俞怡程'),
(7780, '刘星晨', 75, 0, 0, '黄玫'),
(7779, '周梦萍', 61, 0, 0, '左宇航'),
(7778, '周梦萍', 71, 0, 0, '陈施羽'),
(7777, '张皓博', 53, 0, 0, '刘星晨'),
(7776, '何力', 54, 0, 0, '许嘉仪'),
(7775, '何力', 55, 0, 0, '刘星晨'),
(7774, '庄瑶函', 54, 0, 0, '廖远强'),
(7773, '庄瑶函', 64, 0, 0, '程垦'),
(7772, '杨宗熙', 61, 0, 0, '陈含笑'),
(7771, '杨宗熙', 62, 0, 0, '刘星晨'),
(7770, '杨宗熙', 54, 0, 0, '刘星晨'),
(7769, '陈施羽', 61, 0, 0, '吕昀鸿'),
(7768, '陈施羽', 54, 0, 0, '许嘉仪'),
(7767, '方毓臣', 55, 0, 0, NULL),
(7766, '方毓臣', 65, 0, 0, '陈晓丰'),
(7765, '廖远强', 73, 0, 0, NULL),
(7764, '廖远强', 55, 0, 0, '庄静圆'),
(7763, '靳本伟', 74, 0, 0, '程垦'),
(7762, '靳本伟', 75, 0, 0, '陈施羽'),
(7761, '田东升', 73, 0, 0, '陈施羽'),
(7760, '田东升', 74, 0, 0, '陈含笑'),
(7759, '关颖妍', 51, 0, 0, '陈美娟'),
(7758, '周梦萍', 52, 0, 0, '陈含笑');

-- --------------------------------------------------------

--
-- Table structure for table `finaluser_data`
--

CREATE TABLE IF NOT EXISTS `finaluser_data` (
  `s_name` varchar(10) NOT NULL,
  `time_duty` int(11) DEFAULT '0',
  `time_actual` int(11) DEFAULT '0'
) ENGINE=MyISAM  DEFAULT CHARSET=utf8;

--
-- Dumping data for table `finaluser_data`
--

INSERT INTO `finaluser_data` (`s_name`, `time_duty`, `time_actual`) VALUES
('程健生', 2, 0),
('赵柏岑', 2, 1),
('张睿', 0, 0),
('陈施羽', 2, 0),
('何力', 2, 0),
('廖竞翔', 2, 0),
('左宇航', 2, 1),
('卢兰铠', 2, 0),
('黄玫', 3, 1),
('谭雨晴', 2, 1),
('许嘉仪', 2, 0),
('靳本伟', 2, 0),
('陈晓丰', 2, 1),
('周梦萍', 3, 1),
('廖远强', 1, 0),
('周紫鸣', 0, 0),
('李洋', 0, 0),
('陈含笑', 3, 4),
('刘星晨', 3, 0),
('周蜓蜓', 4, 1),
('朱希冉', 3, 0),
('张皓博', 1, 0),
('周孟洁', 2, 1),
('吕昀鸿', 3, 1),
('刘子依', 3, 0),
('关颖妍', 2, 0),
('钟萦雅', 0, 0),
('李友轩', 0, 0),
('邬玉苑', 3, 3),
('杨宗熙', 3, 0),
('周颖欣', 2, 1),
('田东升', 2, 0),
('林创伟', 2, 2),
('罗添仁', 3, 1),
('孙冰伦', 3, 0),
('温伟力', 0, 0),
('小蜜橙', 3, 0),
('庄静圆', 3, 2),
('方毓臣', 2, 0),
('胡春妹', 0, 0),
('李冀闽', 2, 3),
('周杰', 2, 0),
('庄瑶函', 2, 0),
('张晓君', 3, 0),
('陈琪', 2, 0),
('徐思敏', 2, 1),
('程垦', 2, 0),
('冯珊璐', 0, 0),
('陈小晾', 3, 0),
('宣曦', 4, 0),
('俞怡程', 3, 1),
('陈美娟', 3, 1),
('朱俊丰', 0, 0);

-- --------------------------------------------------------

--
-- Table structure for table `schedule`
--

CREATE TABLE IF NOT EXISTS `schedule` (
  `id` int(11) NOT NULL AUTO_INCREMENT,
  `s_name` varchar(10) DEFAULT NULL,
  `s_time` int(11) DEFAULT NULL,
  `keep` int(11) DEFAULT '1',
  PRIMARY KEY (`id`)
) ENGINE=MyISAM  DEFAULT CHARSET=utf8 AUTO_INCREMENT=1311 ;

--
-- Dumping data for table `schedule`
--

INSERT INTO `schedule` (`id`, `s_name`, `s_time`, `keep`) VALUES
(1310, '周梦萍', 52, 1),
(1309, '关颖妍', 51, 1),
(1308, '田东升', 74, 1),
(1307, '田东升', 73, 1),
(1306, '靳本伟', 75, 1),
(1305, '靳本伟', 74, 1),
(1304, '廖远强', 55, 1),
(1303, '廖远强', 73, 1),
(1302, '方毓臣', 65, 1),
(1301, '方毓臣', 55, 1),
(1300, '陈施羽', 54, 1),
(1299, '陈施羽', 61, 1),
(1298, '杨宗熙', 54, 1),
(1297, '杨宗熙', 62, 1),
(1296, '杨宗熙', 61, 1),
(1295, '庄瑶函', 64, 1),
(1294, '庄瑶函', 54, 1),
(1293, '何力', 55, 1),
(1292, '何力', 54, 1),
(1291, '张皓博', 53, 1),
(1289, '周梦萍', 71, 1),
(1288, '周梦萍', 61, 1),
(1287, '刘星晨', 75, 1),
(1286, '刘星晨', 74, 1),
(1285, '刘星晨', 52, 1),
(1283, '陈琪', 53, 1),
(1284, '陈琪', 45, 1),
(1282, '廖竞翔', 45, 1),
(1281, '廖竞翔', 51, 1),
(1280, '黄玫', 64, 1),
(1279, '黄玫', 44, 1),
(1278, '黄玫', 63, 1),
(1277, '陈小晾', 55, 1),
(1276, '陈小晾', 44, 1),
(1275, '陈小晾', 71, 1),
(1274, '孙冰伦', 64, 1),
(1273, '孙冰伦', 44, 1),
(1272, '孙冰伦', 43, 1),
(1271, '许嘉仪', 65, 1),
(1270, '许嘉仪', 55, 1),
(1269, '许嘉仪', 42, 1),
(1268, '卢兰铠', 75, 1),
(1267, '卢兰铠', 35, 1),
(1266, '宣曦', 35, 1),
(1265, '宣曦', 34, 1),
(1264, '宣曦', 73, 1),
(1263, '宣曦', 72, 1),
(1262, '谭雨晴', 54, 1),
(1261, '谭雨晴', 34, 1),
(1260, '程垦', 45, 1),
(1259, '程垦', 34, 1),
(1258, '周孟洁', 75, 1),
(1257, '周孟洁', 65, 1),
(1256, '周孟洁', 31, 1),
(1255, '周颖欣', 35, 1),
(1254, '周颖欣', 25, 1),
(1253, '左宇航', 65, 1),
(1252, '左宇航', 25, 1),
(1251, '吕昀鸿', 64, 1),
(1250, '吕昀鸿', 24, 1),
(1249, '吕昀鸿', 63, 1),
(1248, '赵柏岑', 25, 1),
(1247, '赵柏岑', 24, 1),
(1246, '程健生', 25, 1),
(1245, '程健生', 24, 1),
(1244, '徐思敏', 33, 1),
(1243, '徐思敏', 23, 1),
(1242, '朱希冉', 74, 1),
(1240, '朱希冉', 22, 1),
(1238, '朱希冉', 42, 1),
(1236, '罗添仁', 71, 1),
(1235, '罗添仁', 41, 1),
(1234, '罗添仁', 21, 1),
(1233, '林创伟', 22, 1),
(1232, '林创伟', 21, 1),
(1231, '庄静圆', 15, 1),
(1230, '庄静圆', 24, 1),
(1229, '庄静圆', 32, 1),
(1228, '周杰', 65, 1),
(1227, '周杰', 15, 1),
(1226, '周杰', 62, 1),
(1225, '陈美娟', 35, 1),
(1224, '陈美娟', 15, 1),
(1223, '陈美娟', 72, 1),
(1222, '周蜓蜓', 15, 1),
(1221, '周蜓蜓', 62, 1),
(1220, '邬玉苑', 64, 1),
(1219, '邬玉苑', 14, 1),
(1218, '邬玉苑', 41, 1),
(1217, '刘子依', 44, 1),
(1216, '刘子依', 34, 1),
(1215, '刘子依', 14, 1),
(1214, '陈晓丰', 75, 1),
(1213, '陈晓丰', 14, 1),
(1212, '陈晓丰', 63, 1),
(1211, '小蜜橙', 45, 1),
(1210, '小蜜橙', 14, 1),
(1209, '小蜜橙', 43, 1),
(1208, '张晓君', 33, 1),
(1207, '张晓君', 13, 1),
(1206, '张晓君', 72, 1),
(1205, '关颖妍', 13, 1),
(1203, '李冀闽', 23, 1),
(1202, '李冀闽', 12, 1),
(1201, '陈含笑', 32, 1),
(1200, '陈含笑', 12, 1),
(1199, '陈含笑', 11, 1),
(1198, '俞怡程', 74, 1),
(1197, '俞怡程', 31, 1),
(1196, '俞怡程', 11, 1);

-- --------------------------------------------------------

--
-- Table structure for table `sessions`
--

CREATE TABLE IF NOT EXISTS `sessions` (
  `session_id` char(128) NOT NULL,
  `atime` timestamp NOT NULL DEFAULT CURRENT_TIMESTAMP,
  `data` text,
  UNIQUE KEY `session_id` (`session_id`)
) ENGINE=MyISAM DEFAULT CHARSET=utf8;

--
-- Dumping data for table `sessions`
--

INSERT INTO `sessions` (`session_id`, `atime`, `data`) VALUES
('71f2de47e0e16fe82a6ce2968a0211737166c134', '2015-06-09 21:07:29', 'KGRwMQpTJ2xvZ2lubmVkJwpwMgpJMQpzUydpcCcKcDMKVjEyMC4yMzYuMTY3LjE3MgpwNApzUydz\nX25hbWUnCnA1ClZcdTUxNmNcdTUxNzFcdTVlMTBcdTUzZjcKcDYKc1Mnc2Vzc2lvbl9pZCcKcDcK\nUyc3MWYyZGU0N2UwZTE2ZmU4MmE2Y2UyOTY4YTAyMTE3MzcxNjZjMTM0JwpwOApzLg==\n'),
('50088f60441f6d49e46918203a4c86220ff255a4', '2015-06-09 18:38:20', 'KGRwMQpTJ2xvZ2lubmVkJwpwMgpJMQpzUydpcCcKcDMKVjEyMC4yMzYuMTY3LjE3MgpwNApzUydz\nX25hbWUnCnA1ClZcdTUxNmNcdTUxNzFcdTVlMTBcdTUzZjcKcDYKc1Mnc2Vzc2lvbl9pZCcKcDcK\nUyc1MDA4OGY2MDQ0MWY2ZDQ5ZTQ2OTE4MjAzYTRjODYyMjBmZjI1NWE0JwpwOApzLg==\n'),
('ff0449c850f9f95832e263c8603058c256521428', '2015-06-08 21:56:34', 'KGRwMQpTJ2xvZ2lubmVkJwpwMgpJMApzUydpcCcKcDMKVjEyMC4yMzYuMTY3LjE0NgpwNApzUydz\nX25hbWUnCnA1ClMnamltJwpwNgpzUydzZXNzaW9uX2lkJwpwNwpTJ2ZmMDQ0OWM4NTBmOWY5NTgz\nMmUyNjNjODYwMzA1OGMyNTY1MjE0MjgnCnA4CnMu\n'),
('145c6392f953270f2279e23581a8c38ae16e0a86', '2015-06-09 09:14:17', 'KGRwMQpTJ2xvZ2lubmVkJwpwMgpJMQpzUydpcCcKcDMKVjEyMC4yMzYuMTY3LjE3MgpwNApzUydz\nX25hbWUnCnA1ClZcdTUxNmNcdTUxNzFcdTVlMTBcdTUzZjcKcDYKc1Mnc2Vzc2lvbl9pZCcKcDcK\nUycxNDVjNjM5MmY5NTMyNzBmMjI3OWUyMzU4MWE4YzM4YWUxNmUwYTg2JwpwOApzLg==\n'),
('a6141904fea30cbe17e49b36d4aeea2555da06f7', '2015-06-09 11:46:42', 'KGRwMQpTJ2xvZ2lubmVkJwpwMgpJMApzUydpcCcKcDMKVjEyMS4zMy4xOTAuMTUxCnA0CnNTJ3Nf\nbmFtZScKcDUKUydqaW0nCnA2CnNTJ3Nlc3Npb25faWQnCnA3ClMnYTYxNDE5MDRmZWEzMGNiZTE3\nZTQ5YjM2ZDRhZWVhMjU1NWRhMDZmNycKcDgKcy4=\n'),
('16a58e24f738eb93127fa38c01e093c59d9a841c', '2015-06-08 21:07:10', 'KGRwMQpTJ2xvZ2lubmVkJwpwMgpJMQpzUydpcCcKcDMKVjEyMC4yMzYuMTY3LjE3MgpwNApzUydz\nX25hbWUnCnA1ClZcdTUxNmNcdTUxNzFcdTVlMTBcdTUzZjcKcDYKc1Mnc2Vzc2lvbl9pZCcKcDcK\nUycxNmE1OGUyNGY3MzhlYjkzMTI3ZmEzOGMwMWUwOTNjNTlkOWE4NDFjJwpwOApzLg==\n');

-- --------------------------------------------------------

--
-- Table structure for table `user_data`
--

CREATE TABLE IF NOT EXISTS `user_data` (
  `s_id` varchar(10) NOT NULL,
  `s_name` varchar(10) NOT NULL,
  `s_pass` varchar(10) NOT NULL,
  `s_type` int(11) DEFAULT '0',
  `time_duty` int(11) DEFAULT '0',
  PRIMARY KEY (`s_id`)
) ENGINE=MyISAM  DEFAULT CHARSET=utf8;

--
-- Dumping data for table `user_data`
--

INSERT INTO `user_data` (`s_id`, `s_name`, `s_pass`, `s_type`, `time_duty`) VALUES
('admin', '管理员', 'hdzxadmin', 1, 0),
('sac', '公共帐号', 'sac', 2, 0),
('12330437', '朱俊丰', 'ajskdl', 0, 0),
('13306013', '陈美娟', '13306013', 0, 3),
('13314293', '俞怡程', '13314293', 0, 3),
('13314272', '宣曦', '920525', 0, 4),
('14313135', '陈小晾', '5634897', 0, 3),
('12301032', '冯珊璐', '522807', 0, 0),
('13323007', '程垦', 'xinhuo88', 0, 2),
('12323070', '徐思敏', '1232307072', 0, 2),
('12301014', '陈琪', '5277', 0, 2),
('12306206', '张晓君', '1234zxcv', 0, 3),
('14367094', '庄瑶函', '8382615619', 0, 2),
('13353109', '周杰', 'g-dragon', 0, 2),
('12364041', '李冀闽', '12364041', 0, 2),
('11306048', '胡春妹', '08080043', 0, 0),
('13331052', '方毓臣', '6552231', 0, 2),
('13353113', '庄静圆', '12084361', 0, 3),
('13351049', '小蜜橙', 'wzcqq12345', 0, 3),
('12330321', '温伟力', '09092772', 0, 0),
('13349099', '孙冰伦', ',,..,,', 0, 3),
('13331194', '罗添仁', '20000613', 0, 3),
('13331146', '林创伟', '08linchuan', 0, 2),
('13306146', '田东升', '152799', 0, 2),
('14312065', '周颖欣', 'zyx180300', 0, 2),
('14331339', '杨宗熙', '03142737', 0, 3),
('13324091', '邬玉苑', 'APTX4869', 0, 3),
('13365044', '李友轩', 'lyx950722', 0, 0),
('11301224', '钟萦雅', '11301224', 0, 0),
('11322019', '关颖妍', '11322019', 0, 2),
('12352054', '刘子依', '08030263', 0, 3),
('14313106', '吕昀鸿', '6246809', 0, 3),
('13357109', '周孟洁', '13357109', 0, 2),
('13312054', '张皓博', '13312054', 0, 1),
('13331382', '朱希冉', 'zhuxiran19', 0, 3),
('13314342', '周蜓蜓', '9509035225', 0, 4),
('14302091', '刘星晨', '14302091', 0, 3),
('11306009', '陈含笑', 'Chx1993061', 0, 3),
('13306087', '李洋', 'a8875206', 0, 0),
('13306218', '周紫鸣', 'Ming@1', 0, 0),
('13349061', '廖远强', 'lyq9394962', 0, 1),
('13313067', '周梦萍', '3367531zmp', 0, 3),
('13308005', '陈晓丰', '4441131', 0, 2),
('13331102', '靳本伟', '13331102', 0, 2),
('14314262', '许嘉仪', '829930', 0, 2),
('13308038', '谭雨晴', '03280425', 0, 2),
('14302040', '黄玫', 'hm246318', 0, 3),
('13306115', '卢兰铠', 'lufkaij123', 0, 2),
('14311060', '左宇航', 'kkxxmyt', 0, 2),
('14331154', '廖竞翔', 'ljxai3', 0, 2),
('14309011', '何力', 'september1', 0, 2),
('123456', '陈施羽', '123456', 0, 2),
('12345', '张睿', '12345', 0, 0),
('13311045', '赵柏岑', '13311045', 0, 2),
('13331038', '程健生', '13331038', 0, 2);
